{"Train Accuracy": 99.9455337524414, "Test Accuracy": 93.91304016113281, "Train Loss": 0.0035242177546024323, "Test Loss": 0.21246370673179626, "Epoch": 99, "Learning Rate": 5.5e-05, "_timestamp": 1663748099.3518813, "_runtime": 1038.7910523414612, "_step": 99, "_wandb": {"runtime": 1037}}